{"cameraMode":{"drawMode":0,"name":"Shaded","section":"Shading Mode"},"sceneLighting":true,"audioPlay":false,"sceneViewState":{"showFog":true,"showMaterialUpdate":false,"showSkybox":true,"showFlares":true,"showImageEffects":true,"showParticleSystems":true},"in2DMode":false,"pivot":{"x":124.74581146240235,"y":0.9269384145736694,"z":36.448429107666019},"rotation":{"x":-0.0716070830821991,"y":-0.9262964725494385,"z":0.22757969796657563,"w":-0.29170480370521548},"size":15.816805839538575,"orthographic":false}