{"cameraMode":{"drawMode":0,"name":"Shaded","section":"Shading Mode"},"sceneLighting":true,"audioPlay":false,"sceneViewState":{"showFog":true,"showMaterialUpdate":false,"showSkybox":true,"showFlares":true,"showImageEffects":true,"showParticleSystems":true},"in2DMode":false,"pivot":{"x":135.31134033203126,"y":8.034796714782715,"z":51.348785400390628},"rotation":{"x":-0.05206333100795746,"y":-0.9432646632194519,"z":0.18364889919757844,"w":-0.2728258967399597},"size":0.8660253882408142,"orthographic":false}