{"cameraMode":{"drawMode":0,"name":"Shaded","section":"Shading Mode"},"sceneLighting":true,"audioPlay":false,"sceneViewState":{"showFog":true,"showMaterialUpdate":false,"showSkybox":true,"showFlares":true,"showImageEffects":true,"showParticleSystems":true},"in2DMode":false,"pivot":{"x":142.733642578125,"y":3.6446211338043215,"z":21.448959350585939},"rotation":{"x":-0.11408062279224396,"y":-0.8699872493743897,"z":0.238233745098114,"w":-0.416380912065506},"size":25.587553024291993,"orthographic":false}