{"cameraMode":{"drawMode":0,"name":"Shaded","section":"Shading Mode"},"sceneLighting":false,"audioPlay":false,"sceneViewState":{"showFog":true,"showMaterialUpdate":false,"showSkybox":false,"showFlares":true,"showImageEffects":true,"showParticleSystems":true},"in2DMode":false,"pivot":{"x":0.13136951625347138,"y":1.6249407529830933,"z":-0.28653132915496828},"rotation":{"x":-0.003179004881531,"y":-0.845103919506073,"z":0.004379636142402887,"w":-0.5349279642105103},"size":1.440099835395813,"orthographic":false}