{"cameraMode":{"drawMode":0,"name":"Shaded","section":"Shading Mode"},"sceneLighting":true,"audioPlay":false,"sceneViewState":{"showFog":true,"showMaterialUpdate":false,"showSkybox":true,"showFlares":true,"showImageEffects":true,"showParticleSystems":true},"in2DMode":false,"pivot":{"x":117.9387435913086,"y":16.834768295288087,"z":45.03797149658203},"rotation":{"x":0.0576508492231369,"y":0.9264914393424988,"z":-0.33640679717063906,"w":0.15852698683738709},"size":2.3892931938171388,"orthographic":false}