{"cameraMode":{"drawMode":0,"name":"Shaded","section":"Shading Mode"},"sceneLighting":true,"audioPlay":false,"sceneViewState":{"showFog":true,"showMaterialUpdate":false,"showSkybox":true,"showFlares":true,"showImageEffects":true,"showParticleSystems":true},"in2DMode":false,"pivot":{"x":73.239990234375,"y":36.495059967041019,"z":82.6933822631836},"rotation":{"x":-0.13724909722805024,"y":-0.8554996848106384,"z":0.2875891625881195,"w":-0.40820178389549258},"size":1.0606262683868409,"orthographic":false}